n,prevalence,true_mean,pred_mean,bias,pearson_corr,spearman_corr,r2,rmse,mae,f1_at_0.5,precision_at_0.5,recall_at_0.5,f1_best,f1_best_thr,roc_auc,pr_auc,year,species,run
7032,0.5991183162684869,0.04948584579447769,0.022134579097473513,-0.02735126669700418,0.6389908431938907,0.6924863330051366,0.2868950086980072,0.2986986966658994,0.038686076859683,0.03406439570695287,1.0,0.01732732019938286,0.7676615035889687,0.0,0.8058561622006986,0.877241087012891,2010,Archosargus probatocephalus_A,G
7032,0.30474971558589303,0.0028921286991533393,0.0025553240373641364,-0.0003368046617892029,0.7464666699387065,0.3425031590863457,0.5546308687903724,0.02151799201632859,0.001850363860004062,0.0009328358208955224,1.0,0.0004666355576294914,0.4078408425980105,0.0,0.6139798629910661,0.47937770664368706,2010,Archosargus probatocephalus_R,G
7032,0.6467576791808873,0.09103970066566872,0.08373031147539602,-0.0073093891902727,0.7056288665958794,0.6386335116878344,0.4702494752198215,0.39545092749303956,0.07854044938100992,0.11166459111664591,0.9962962962962963,0.05914687774846086,0.786117136659436,0.0,0.7512741174121236,0.8631081821679976,2010,Callinectes sapidus_R,G
7032,0.491325369738339,0.03329108922256303,0.02836318038576281,-0.0049279088368002245,0.5155724319156627,0.7365965631507321,0.2541656685932814,0.21644615568983328,0.03085669902268835,0.04857384919514261,1.0,0.024891461649782922,0.7720556591593746,6.529796110044117e-06,0.8590402098630622,0.8722066083598677,2010,Centropomus undecimalis_A,G
7032,0.2935153583617747,0.0012966487820911061,0.00010855453998455264,-0.0011880942421065536,0.4816041429702406,0.1427143711022823,0.03651687392245939,0.034354245751353714,0.0012588719484084427,0.0,0.0,0.0,0.44458478054941586,0.0,0.5739827921956334,0.38386768004850413,2010,Centropomus undecimalis_SA,G
7032,0.511518771331058,0.0118892038864051,0.007454545914566866,-0.004434657971838234,0.48575563154846857,0.5460983739201253,0.22969206209083792,0.10656948626136133,0.010005077517340501,0.00995850622406639,1.0,0.0050041701417848205,0.6777841671458693,0.0,0.7323554441899061,0.7748638033432695,2010,Cynoscion nebulosus_A,G
7032,0.5526166097838453,0.0516858171180226,0.045273155590224046,-0.006412661527798555,0.6174488921050736,0.7473869033796865,0.36376457196981093,0.2275882705882984,0.045445317323867244,0.0781404549950544,1.0,0.040658775090066906,0.767089975682248,2.1566883333434816e-05,0.8433279161768377,0.8814527973478719,2010,Cynoscion nebulosus_R,G
7032,0.33418657565415244,0.003706486923494423,0.0023350921900948595,-0.0013713947333995635,0.6219927452834644,0.39321675297362546,0.36228640957246105,0.0308004195669671,0.003181193550589865,0.0,0.0,0.0,0.5444936924650529,1.9933742434474766e-09,0.7071720577676388,0.6207765348794475,2010,Lutjanus griseus_R,G
7032,0.38054607508532423,0.011554173548379065,0.01870508071591386,0.007150907167534793,0.6271047772073606,0.5739176504649774,0.21070133752627063,0.09309073032296898,0.015227768756423175,0.058759521218716,1.0,0.030269058295964126,0.6524704708035268,1.3322606425861832e-11,0.7695917679993302,0.7241595545242625,2010,Lutjanus griseus_SA,G
7032,0.2939419795221843,0.003311750783265904,0.003861941072696383,0.000550190289430479,0.46465610430348414,0.21169561546653567,0.21584758723871633,0.06496088382655237,0.00414408065669198,0.005788712011577424,1.0,0.002902757619738752,0.45421791526897753,0.0,0.6063867001277935,0.4710266386744485,2010,Mycteroperca microlepis_SA,G
7032,0.30930034129692835,0.008389496960047338,0.0018907209491872605,-0.006498776010860078,0.6606829029713417,0.13140160959897249,0.21426924551901394,0.11246775769562599,0.00754793810419992,0.0027548209366391185,1.0,0.001379310344827586,0.39669421487603307,0.0,0.5509830343218343,0.4303250515678374,2010,Sciaenops ocellatus_R,G
7032,0.6305460750853242,0.025660545301200894,0.014611745540574254,-0.01104879976062664,0.6693015714750474,0.6515471727857477,0.40716077007644835,0.12122394525027269,0.021234762979786298,0.016551107134869156,1.0,0.008344609833107803,0.7814345991561181,0.0,0.7716705852286361,0.8605615224689509,2010,Sciaenops ocellatus_SA,G
7032,0.5907281001137656,0.03695087016096515,0.0354391591583961,-0.001511711002569048,0.5453672007477177,0.7160936658508329,0.09885278107278206,0.19966399430003912,0.03467816730868299,0.06023815082885828,1.0,0.031054405392392875,0.7465449804432855,1.814181359804934e-05,0.8199121855806488,0.8778515767841452,2011,Archosargus probatocephalus_A,G
7032,0.28782707622298065,0.00042003543533105845,0.0011350721793503427,0.0007150367440192843,0.23159860425936954,0.2399243460485589,-3.6859107953737213,0.014099810848086484,0.0011879409111073974,0.0,0.0,0.0,0.4592057761732852,1.306653812926939e-10,0.6352872459400927,0.44928871180743446,2011,Archosargus probatocephalus_R,G
7032,0.6713594994311718,0.12523819756229318,0.05568851925302184,-0.06954967830927133,0.5479489777901396,0.7237647603548674,0.2844277206663688,0.5322211264143356,0.09861448953330713,0.0820637822465976,1.0,0.04278754501165007,0.8056872037914692,0.0,0.7913331074291644,0.8968236046049247,2011,Callinectes sapidus_R,G
7032,0.49217861205915814,0.025389968779374383,0.013236268510061856,-0.012153700269312527,0.6202621687357829,0.6919186199563171,0.3401808435083895,0.17983687018492567,0.02220817081828687,0.021720491569019718,1.0,0.01097948569777521,0.7596388132435145,2.1985808018598618e-07,0.8306411620593547,0.841089595888482,2011,Centropomus undecimalis_A,G
7032,0.29692832764505117,0.002226238268027492,0.00031970905714736415,-0.0019065292108801277,0.7710284797207687,0.19343366507394852,0.15659188023690518,0.04053317106302534,0.001974368721824494,0.0,0.0,0.0,0.4626429788269652,0.0,0.5934271309935648,0.43179694928662954,2011,Centropomus undecimalis_SA,G
7032,0.48862343572241185,0.00951863461983633,0.009562325331509611,4.369071167328181e-05,0.5079275739019913,0.5525436521648401,0.23563761382026516,0.09852093342020798,0.011487948936709689,0.01902565580859037,1.0,0.00960419091967404,0.6722706096819931,0.0,0.7450040288588666,0.7536851575252631,2011,Cynoscion nebulosus_A,G
7032,0.5665529010238908,0.052992662230746175,0.027925157683884948,-0.025067504546861227,0.6539602100583314,0.7090448661602732,0.36323229825951864,0.2688104143726299,0.04297214307280533,0.05135730007336757,1.0,0.02635542168674699,0.7618666666666667,6.265171919039858e-07,0.8149320543328167,0.8682303661668551,2011,Cynoscion nebulosus_R,G
7032,0.32380546075085326,0.003036410014522531,0.005767559998002878,0.0027311499834803466,0.5463943040546706,0.4183773016349366,-0.002779491005131751,0.039545371043742956,0.0048409251055389025,0.009615384615384616,1.0,0.004830917874396135,0.5569060773480663,2.203445515404137e-09,0.7198173385664813,0.6138115343739511,2011,Lutjanus griseus_R,G
7032,0.36945392491467577,0.007528556318228049,0.00972253310642353,0.0021939767881954805,0.5482317922963944,0.49134825587627434,0.05945415590907133,0.07884167946520074,0.008683262545171131,0.02957906712172924,1.0,0.015011547344110854,0.6172718351324828,6.23244318376237e-08,0.7461210229721139,0.7007728194289464,2011,Lutjanus griseus_SA,G
7032,0.28924914675767915,0.001294940348162491,0.0022045781706500345,0.0009096378224875434,0.7774346680729575,0.24249286471880802,0.2978109884278869,0.0184696657849976,0.0015230421236822008,0.003925417075564278,1.0,0.0019665683382497543,0.33216448836467966,0.0,0.5767304955413827,0.4148202066201306,2011,Mycteroperca microlepis_SA,G
7032,0.314419795221843,0.014623822344891322,0.006439755906452194,-0.008184066438439129,0.5082404626377564,0.2096800774181748,0.23075850297402412,0.21830437601643682,0.012189239109815564,0.027653880463871544,1.0,0.014020805065581185,0.47193062528525787,0.0,0.5958131501231186,0.47801180455852565,2011,Sciaenops ocellatus_R,G
7032,0.5988339021615472,0.026418739882266402,0.022096701230485568,-0.0043220386517808344,0.7369169350428602,0.6221946335046519,0.5228447497631423,0.11899148551123788,0.023250598027446702,0.032242990654205606,1.0,0.016385656613630967,0.753829518832222,0.0,0.771097051652586,0.8469524934622935,2011,Sciaenops ocellatus_SA,G
7044,0.6103066439522998,0.03779368251435739,0.02495890851066168,-0.01283477400369571,0.6300039623787408,0.7266660109352104,0.3934783752920439,0.1843199173188648,0.03010283431315621,0.0432407828857533,1.0,0.02209816236334031,0.7782379518072289,0.0,0.8221329059030544,0.8870084814405522,2012,Archosargus probatocephalus_A,G
7044,0.2988358886996025,0.0006265317542433002,0.00013516758203224112,-0.0004913641722110591,0.2102453294003429,0.16602365364295807,-0.010331931686956342,0.009110525563816982,0.0006607102565126071,0.0,0.0,0.0,0.46211289259828686,0.0,0.5886977899975905,0.40645439959899166,2012,Archosargus probatocephalus_R,G
7044,0.6814310051107325,0.1339118221574064,0.1520158232967715,0.018104001139365083,0.6974284627537961,0.7833560059070376,0.3914347042066101,0.5333768278611386,0.11528943988278086,0.17282070803197563,1.0,0.09458333333333334,0.815861130020422,0.0,0.8233601641414141,0.9154402213730131,2012,Callinectes sapidus_R,G
7044,0.5117830777967064,0.02609711229666531,0.015029978169623145,-0.011067134127042164,0.5707593108168574,0.6855755729066855,0.31783303285809017,0.18181845897394897,0.022401723767523057,0.026279770052012045,1.0,0.01331484049930652,0.7537533323979234,1.9434261844253342e-07,0.8128366832438065,0.8298757251605228,2012,Centropomus undecimalis_A,G
7044,0.30706984667802384,0.0029898860089085577,0.0011709069835718448,-0.0018189790253367128,0.6233197773905823,0.16907751147862513,0.33037675808057543,0.03434860579545356,0.002351316827607826,0.0009242144177449168,1.0,0.0004623208506703652,0.4703067217750707,0.0,0.5722368988491043,0.44541794562829123,2012,Centropomus undecimalis_SA,G
7044,0.5107893242475866,0.01010184330537931,0.007028904132612386,-0.0030729391727669234,0.3394888586300275,0.5845468518353399,0.10726634143051372,0.10492765171409696,0.010711238543381203,0.010505944152612662,1.0,0.0052807115063924406,0.7078651685393258,1.4432470862857372e-07,0.7661952761529668,0.7918650860199343,2012,Cynoscion nebulosus_A,G
7044,0.5718341851220897,0.0492854552201076,0.033920249317979254,-0.015365205902128344,0.5668490821944967,0.7424943303376377,0.30716714288559865,0.23612056718496255,0.041836468028821176,0.058327307785008435,1.0,0.030039721946375372,0.7698013245033113,1.6978663666122884e-06,0.8381321218973815,0.8834503367353432,2012,Cynoscion nebulosus_R,G
7044,0.33319136854060194,0.008929874043737672,0.002127321269770107,-0.006802552773967565,0.517690011550138,0.31755691393244634,0.18645077856193637,0.07828545864157879,0.008033530108749585,0.0008517887563884157,1.0,0.00042607584149978694,0.4996243425995492,2.3916944831778137e-11,0.6482953473915078,0.5702824369832122,2012,Lutjanus griseus_R,G
7044,0.37720045428733673,0.007172924563326827,0.004106170156078263,-0.0030667544072485635,0.46261918554914333,0.486707235246482,0.126296933579213,0.06555037637707659,0.0074031490340655546,0.009737827715355805,1.0,0.004892736168611215,0.6155433287482807,2.3384982647388e-09,0.7449253658485111,0.6902605519517866,2012,Lutjanus griseus_SA,G
7044,0.2921635434412266,0.0003753744018149669,0.00031819022689465035,-5.718417492031657e-05,0.31940640855599317,0.18220572419316608,-0.28864991746566737,0.006990843991725434,0.00047055146907414215,0.0,0.0,0.0,0.4314066852367688,0.0,0.5912331008846149,0.426172457187353,2012,Mycteroperca microlepis_SA,G
7044,0.3246734809767178,0.012350189436139436,0.008382778554084383,-0.003967410882055053,0.7226474638410456,0.3605390692561943,0.49824833405468016,0.15585999679628054,0.009973555368424931,0.02248162559446606,1.0,0.011368605159597726,0.33539967373572593,0.0,0.5877280336831765,0.449026609077717,2012,Sciaenops ocellatus_R,G
7044,0.6233674048835889,0.023000693183895877,0.02064695262584992,-0.0023537405580459567,0.8215436227103944,0.6551491095366019,0.6439461781215687,0.08489394011190532,0.019317085597337892,0.022072072072072072,1.0,0.01115918925074015,0.7945314047949277,0.0,0.7815024958961134,0.856031351795673,2012,Sciaenops ocellatus_SA,G
7044,0.6652470187393527,0.03381205762673558,0.03812155004072494,0.004309492413989362,0.4502441305388549,0.717913563112302,-0.07653857911245265,0.1942712375782852,0.04111132210961539,0.05962732919254658,1.0,0.030729833546734954,0.8062384351044145,0.0,0.8299323467988127,0.9104546660319262,2013,Archosargus probatocephalus_A,G
7044,0.3151618398637138,0.0017754737067708058,0.0011822974393097502,-0.0005931762674610556,0.44577103365377424,0.1964699066308949,0.180150765006433,0.026387277583399777,0.0016814856323367046,0.0009004952723998199,1.0,0.00045045045045045046,0.480008835873647,0.0,0.5923606909147954,0.4674819358554764,2013,Archosargus probatocephalus_R,G
7044,0.6854060193072118,0.12710336908603168,0.09146232082877057,-0.03564104825726111,0.6355274788102421,0.7505420665489372,0.39748871737277225,0.49690123368361605,0.10346046703533356,0.11553473848555816,1.0,0.061309030654515324,0.8196186222298574,0.0,0.8062026397608415,0.9070063974025089,2013,Callinectes sapidus_R,G
7044,0.5636002271436684,0.05359153618294031,0.02922869089244176,-0.02436284529049855,0.6904286689827583,0.7620050271182122,0.4628630659624955,0.23529327692013396,0.042073507614475036,0.046740467404674045,1.0,0.02392947103274559,0.7968499733048585,1.8895180460276606e-06,0.8588267323730844,0.9027143980507907,2013,Centropomus undecimalis_A,G
7044,0.32396365701306074,0.005077971453944527,0.0019864242126681683,-0.0030915472412763583,0.41220695930362405,0.26775233996061865,0.10824909968241148,0.1322973781271163,0.005132984982626251,0.003499562554680665,1.0,0.0017528483786152498,0.49216953236228234,0.0,0.63192378790461,0.5026525663594911,2013,Centropomus undecimalis_SA,G
7044,0.522572402044293,0.007149141035286505,0.007199270198003289,5.012916271678394e-05,0.6035383751735727,0.5655370177307586,0.3502629075564955,0.057333031715623387,0.007535079779141999,0.01026749527154823,0.95,0.005161640858462374,0.6981818181818182,0.0,0.7445069363512337,0.7664254735928021,2013,Cynoscion nebulosus_A,G
7044,0.5780806360022714,0.048525879328902025,0.036475825852045986,-0.012050053476856039,0.5805206748728842,0.7849127626851815,0.261928531717731,0.2204637247076633,0.04246087911383642,0.06049059299833293,1.0,0.03118860510805501,0.8167515563101302,0.0,0.8554161036735796,0.8893003559326278,2013,Cynoscion nebulosus_R,G
7044,0.34497444633730834,0.008222768013747273,0.008254459602980184,3.1691589232911085e-05,0.5564315584831288,0.5030966250083756,0.28678122449630705,0.0780103193637916,0.0077934974406298286,0.027597402597402596,1.0,0.013991769547325103,0.5568499534016775,0.0,0.6893889325919862,0.5868461225921194,2013,Lutjanus griseus_R,G
7044,0.41624077228847245,0.023720919720318253,0.013705846972820021,-0.010015072747498232,0.5288525214967563,0.5372142161340947,0.27414520403918585,0.2264497589807201,0.021842856083792255,0.03419376466644318,1.0,0.017394270122783082,0.6481694303070104,5.517910174393661e-10,0.7561710874504329,0.7354745399605842,2013,Lutjanus griseus_SA,G
7044,0.30706984667802384,0.00044557402394320296,0.0004183391986983115,-2.723482524489147e-05,0.311113817260057,0.20666052810080596,-0.2365662391652288,0.009723495133231367,0.0006843905102329282,0.0,0.0,0.0,0.47449114459423736,0.0,0.6096102495992698,0.43828371787806264,2013,Mycteroperca microlepis_SA,G
7044,0.3233957978421351,0.013967167340555172,0.005601607968558072,-0.0083655593719971,0.741141180931515,0.2735854935791536,0.3526589357871802,0.2646066544952279,0.01211555979148864,0.0156794425087108,1.0,0.007901668129938543,0.5015588992815507,0.0,0.6291096263885578,0.4936260221788279,2013,Sciaenops ocellatus_R,G
7044,0.6709256104486088,0.029226652899009085,0.018866616328600802,-0.010360036570408283,0.5481282402155351,0.6877978175632067,0.1189652907293326,0.14473540126394158,0.024561079665325482,0.01595298068849706,1.0,0.008040626322471435,0.8045819798256112,0.0,0.8025626598147965,0.89511401582372,2013,Sciaenops ocellatus_SA,G
7044,0.6932140829074389,0.04510311796209551,0.026277162888796203,-0.01882595507329931,0.6132725303114941,0.7595200693004117,0.3607209548050341,0.166227681850507,0.03657872071497808,0.03856196023297851,1.0,0.019660045054269916,0.84722473332128,0.0,0.8395984785299468,0.9219187834720819,2014,Archosargus probatocephalus_A,G
7044,0.3354628052243044,0.004370347796700773,0.002274702274795688,-0.0020956455219050853,0.6669090452806055,0.3283163192034115,0.35790174786484064,0.051534252880128674,0.0033391669587038873,0.0016913319238900633,1.0,0.0008463817181548879,0.5271028037383177,4.9734084905939113e-11,0.6760521888984408,0.5590025166714285,2014,Archosargus probatocephalus_R,G
7044,0.7122373651334469,0.09455810661138563,0.08160306546596592,-0.012955041145419705,0.6828628934037901,0.7181852246158724,0.4298676511138714,0.37767127227093755,0.07836421556872224,0.09854083759711958,1.0,0.0518237990831174,0.832399899690713,0.0,0.7957599809390057,0.9104933623706244,2014,Callinectes sapidus_R,G
7044,0.5898637137989778,0.08246287656079532,0.05271854345996797,-0.029744333100827344,0.6295828630190812,0.7895991818643017,0.391570114641258,0.4046941827628388,0.06690481338089374,0.0799445471349353,1.0,0.04163658243080626,0.8091702487951022,3.4771984473991324e-06,0.8718187040015262,0.9163423307678419,2014,Centropomus undecimalis_A,G
7044,0.3468199886428166,0.00785464233141043,0.002331344357089046,-0.005523297974321385,0.7693159439926847,0.25917620903858557,0.2315555227193281,0.1647618723765364,0.006729348556966836,0.004899959167006942,1.0,0.0024559967253376994,0.5114544485881726,0.0,0.6174789993419182,0.5182213091842304,2014,Centropomus undecimalis_SA,G
7044,0.5393242475865985,0.005495035629607855,0.0038712554421789797,-0.0016237801874288754,0.324626020148108,0.5625016206784262,-0.08683553733090466,0.0435192268778403,0.005822956505141833,0.002103602419142782,1.0,0.0010529086601737299,0.70621629293216,0.0,0.7462691706640827,0.783430975386842,2014,Cynoscion nebulosus_A,G
7044,0.5843270868824532,0.05222419458614956,0.052078419480306566,-0.00014577510584299486,0.7246203834341579,0.7619405073787228,0.5098456081374391,0.22543542732429664,0.043930034012960396,0.08736059479553904,1.0,0.0456754130223518,0.800811176205498,0.0,0.8323099048362514,0.8794295319123095,2014,Cynoscion nebulosus_R,G
7044,0.37279954571266327,0.01380714385230463,0.007884715674397054,-0.005922428177907576,0.6709505694443191,0.47016943468921546,0.3916167142349525,0.11529181037130282,0.010161994052647215,0.021845574387947268,1.0,0.011043412033511044,0.5827940616673011,0.0,0.6937318409732118,0.619491032398333,2014,Lutjanus griseus_R,G
7044,0.44775695627484385,0.033206333930246405,0.03239792629584053,-0.0008084076344058722,0.6282376933785141,0.6368772490851204,0.3009233276798736,0.22877803721266202,0.028214946142481913,0.07565588773642465,1.0,0.039315155358275206,0.7083795342943133,8.094316854206041e-11,0.7954653005201703,0.796122885681834,2014,Lutjanus griseus_SA,G
7044,0.32566723452583757,0.0010312999819269734,0.001509560153576359,0.00047826017164938556,0.7598136814478484,0.20789862310972007,0.39129194588695515,0.017367770847014786,0.0010906273672452458,0.009544468546637744,1.0,0.004795117698343505,0.4910985098246077,0.0,0.6105833983389162,0.4701627856170747,2014,Mycteroperca microlepis_SA,G
7044,0.3427030096536059,0.021568106799431462,0.00942248139852904,-0.012145625400902423,0.8577997611261637,0.28913371581999636,0.5879186503950604,0.2975393642801925,0.01620495377875287,0.02212208111429742,1.0,0.011184755592377795,0.5117924528301887,8.494545067350145e-09,0.6393970288507822,0.5256645414044359,2014,Sciaenops ocellatus_R,G
7044,0.696053378762067,0.02952593973721802,0.019387616147644917,-0.010138323589573103,0.495637014931223,0.7095061122818608,0.14677076590433913,0.12074680319593709,0.026742307208795668,0.02218636546994756,1.0,0.011217621864164798,0.8246300391222997,0.0,0.805582623303103,0.9051783096743256,2014,Sciaenops ocellatus_SA,G
7044,0.6817149346961954,0.05571215853869872,0.03551448492033271,-0.02019767361836601,0.6892628025769618,0.767220349925605,0.46920993922109366,0.19223165774388076,0.0425812679651323,0.05153175086224386,1.0,0.026447313619325282,0.8194995685936152,0.0,0.8510626054933252,0.926193472874767,2015,Archosargus probatocephalus_A,G
7044,0.31899488926746167,0.001963237787015852,0.0028249376157060456,0.0008616998286901938,0.6643143323250479,0.39560583237421065,0.3051392125783011,0.02150208744600886,0.0022734936741461466,0.004440497335701598,1.0,0.0022251891410769915,0.520314253647587,0.0,0.670414234011225,0.5452797151598242,2015,Archosargus probatocephalus_R,G
7044,0.7464508801817149,0.09059501906898969,0.06764934594161637,-0.02294567312737332,0.7227748749779013,0.7351593412357839,0.5182791082014617,0.33579162125802425,0.06419882587355592,0.07540263543191801,1.0,0.03917839482693039,0.8554207053840515,0.0,0.7876913524189877,0.9223003024353261,2015,Callinectes sapidus_R,G
7044,0.5792163543441227,0.1127831377988863,0.0778522996923301,-0.0349308381065562,0.5784815440004396,0.8067022476394932,0.2971592266663623,0.5363905508443426,0.0958450479671739,0.10716771050800278,1.0,0.05661764705882353,0.8216258879242304,9.02790861800895e-06,0.8992189360562038,0.9279424066117603,2015,Centropomus undecimalis_A,G
7044,0.33262350936967633,0.005049620279593712,0.0037608562332107766,-0.0012887640463829357,0.656927764416384,0.32196861997661425,0.4034105482696918,0.09655539561016264,0.004669438494741553,0.011879507848960543,1.0,0.00597524541186513,0.5208516628541263,3.723621456861914e-11,0.6624555140918157,0.5305506315190793,2015,Centropomus undecimalis_SA,G
7044,0.5122089721749006,0.004576846118593629,0.0026037841827626887,-0.00197306193583094,0.6686577989449776,0.5291887233762775,0.44298760098679324,0.02738095063508978,0.003975613756126877,0.00110803324099723,1.0,0.0005543237250554324,0.6770016069571794,0.0,0.727687582761371,0.7538672649396595,2015,Cynoscion nebulosus_A,G
7044,0.5746734809767178,0.05568753989687619,0.055092345552952234,-0.000595194343923959,0.5497480084059448,0.7543329428179241,0.22915513056717784,0.30587468002236495,0.05434650182940876,0.09595484477892756,1.0,0.05039525691699605,0.780449141347424,4.044988827445195e-06,0.8405796414323181,0.8916493590141126,2015,Cynoscion nebulosus_R,G
7044,0.36059057353776264,0.005617452212557193,0.008170321797171365,0.0025528695846141715,0.4281125865876413,0.37118102325291724,0.1536672707675414,0.1100435309078419,0.007366784444936436,0.023346303501945526,1.0,0.011811023622047244,0.5372872433760308,7.121624892142702e-11,0.6716615851526552,0.6106971277469849,2015,Lutjanus griseus_R,G
7044,0.4392390687109597,0.04919487197994012,0.03195307985667666,-0.01724179212326346,0.6880623773039658,0.6694258017975336,0.4434496304988703,0.2963969198685577,0.03680020830396418,0.0836172189532363,1.0,0.04363283775048481,0.7345352813179982,4.1215800377315e-09,0.8262274880741002,0.8271959762344356,2015,Lutjanus griseus_SA,G
7044,0.3029528676888132,0.0008944780451144011,0.0008009685010178471,-9.350954409655403e-05,0.952232325222401,0.26602059850928134,0.8900074786850662,0.006955396774203101,0.0004206615971730553,0.0028076743097800653,1.0,0.0014058106841611997,0.48514851485148514,2.521709507874448e-10,0.6490116855030665,0.46395224643137517,2015,Mycteroperca microlepis_SA,G
7044,0.33432708688245316,0.036943502865513234,0.03273126472934434,-0.004212238136168896,0.576339385874014,0.3292711979971301,0.3026802023059383,0.4618879261552168,0.0344433310483574,0.0672958555601149,1.0,0.03481953290870488,0.521694742215416,5.276596347358886e-11,0.6598259285973993,0.5558610035439836,2015,Sciaenops ocellatus_R,G
7044,0.6998864281658149,0.03345741536455615,0.02077634990208787,-0.012681065462468284,0.6203811930359017,0.7290553335453896,0.3775821010744884,0.12685033238988339,0.02736166815022654,0.018488745980707395,1.0,0.009330628803245436,0.8361134995700774,0.0,0.8046954429179756,0.9068306540808397,2015,Sciaenops ocellatus_SA,G
7152,0.6617729306487695,0.05525082132575657,0.06265408554174189,0.007403264215985313,0.6329722739951837,0.7696236701494923,0.3678583451535338,0.2714580555041823,0.05650799681993497,0.0926672038678485,0.9956709956709957,0.04859497147686457,0.8049757178154554,0.0,0.8531043021882804,0.922170376344034,2016,Archosargus probatocephalus_A,G
7152,0.3295581655480984,0.00262421158984057,0.0015832754481804486,-0.0010409361416601215,0.4411735267418553,0.29588694757841627,0.19054026684733805,0.03224649080714283,0.002511982772638505,0.0033883947479881405,1.0,0.0016970725498515061,0.49890443283330527,8.951111407640155e-09,0.6401933671715561,0.5349238923740002,2016,Archosargus probatocephalus_R,G
7152,0.7515380313199105,0.10704464848805834,0.0788547697306946,-0.028189878757363743,0.5525966794695216,0.7388334433447442,0.27336491664997964,0.4809110994134053,0.0887086307176752,0.09801840056617127,1.0,0.051534883720930236,0.7310914981566305,0.00029748983797610003,0.7913853764510346,0.9230587709416677,2016,Callinectes sapidus_R,G
7152,0.591582774049217,0.1267902674650513,0.10256190496064892,-0.02422836250440237,0.5792535357536681,0.8302744934018209,0.3346283323847409,0.6631035320182581,0.11214109789319152,0.14997813729777001,1.0,0.0810683053651619,0.8330985013449469,3.2082611141959205e-05,0.896994324102816,0.9337737097772761,2016,Centropomus undecimalis_A,G
7152,0.3661912751677852,0.0037073048168127514,0.002036635433120768,-0.0016706693836919832,0.43050719149655714,0.25112736886138864,0.035943579442911155,0.052559782886044584,0.003693750410603507,0.0030499428135722455,1.0,0.0015273004963726614,0.5245728749209028,0.0,0.6087693682752597,0.5346264699247586,2016,Centropomus undecimalis_SA,G
7152,0.5123042505592841,0.004283011583696558,0.004493719871990784,0.00021070828829422572,0.38967058019043804,0.5143082063059309,-0.07852487292963861,0.03882170873965136,0.005498975488213567,0.004357298474945534,1.0,0.002183406113537118,0.6906641000962463,0.0,0.7277169180797043,0.7354781921498768,2016,Cynoscion nebulosus_A,G
7152,0.6073825503355704,0.053439465445537536,0.03652000998774844,-0.016919455457789098,0.7333670376297532,0.7844752904989722,0.5166744335406637,0.20119518463604705,0.04010612081779221,0.05463502015226153,1.0,0.028084714548802948,0.802020202020202,2.0069976471859263e-06,0.8584104938271606,0.9129185430768163,2016,Cynoscion nebulosus_R,G
7152,0.373741610738255,0.006644214129036044,0.003976755516994504,-0.00266745861204154,0.6811485721934327,0.4669366812215225,0.4606709723450845,0.05944926133084795,0.0059827606707659325,0.011160714285714286,1.0,0.005611672278338945,0.4647239263803681,0.0,0.6383367633150571,0.5439877717686601,2016,Lutjanus griseus_R,G
7152,0.4261744966442953,0.029865269133345262,0.046820206200205605,0.016954937066860343,0.808143098036159,0.6511047816048308,0.40502038598636514,0.17646745917095555,0.029210244672958522,0.1109389525875426,1.0,0.058727034120734906,0.7146739130434783,8.447892341223451e-08,0.8156624050922727,0.806238312739032,2016,Lutjanus griseus_SA,G
7152,0.30900447427293065,0.00015241196930450618,0.0006641008396524288,0.0005116888703479226,0.3143251590629814,0.25021791071027527,-12.565934764831194,0.011414763490909098,0.0006992986992934057,0.0009045680687471732,1.0,0.00045248868778280545,0.36562230526013223,0.0,0.5851682228786045,0.4148903075114605,2016,Mycteroperca microlepis_SA,G
7152,0.3508109619686801,0.04331676171679873,0.03626061539683653,-0.007056146319962195,0.7128565313582923,0.307822024255711,0.505394278329482,0.4499531591668037,0.03251659742861856,0.05201863354037267,1.0,0.026703866082104424,0.5197927461139896,0.0,0.6415253139526909,0.5513865170684222,2016,Sciaenops ocellatus_R,G
7152,0.6907158836689038,0.0330294643721589,0.02554552305056728,-0.007483941321591622,0.6183897698942562,0.7163025399580508,0.3539056510248787,0.20721386191207083,0.03010638374845694,0.03187250996015936,1.0,0.016194331983805668,0.827568710359408,0.0,0.8114054458200027,0.9048856901278681,2016,Sciaenops ocellatus_SA,G
4608,0.6486545138888888,0.051276186957465025,0.030625410431775326,-0.0206507765256897,0.6329035332876269,0.7365748124924519,0.3927360402547496,0.18258144750548658,0.04279407970508764,0.0367816091954023,1.0,0.01873536299765808,0.8154205607476636,0.0,0.8266528434194891,0.9035756571673037,2017,Archosargus probatocephalus_A,G
4608,0.2996961805555556,0.0007441330113804557,0.0012192516161580419,0.00047511860477758615,0.4678846133245625,0.2456687173351478,-0.1620738502957031,0.011549022685438172,0.0012542300750631005,0.0,0.0,0.0,0.46751025991792067,0.0,0.6267591490786353,0.47971132804912475,2017,Archosargus probatocephalus_R,G
4608,0.7803819444444444,0.10640051960035167,0.0584308403250372,-0.04796967927531447,0.6378229965799951,0.7204213480126532,0.3689887859589006,0.48369009550357184,0.08556163116252767,0.06926174496644295,1.0,0.03587319243604004,0.8758105958644317,0.0,0.7745123039653194,0.9264022315290086,2017,Callinectes sapidus_R,G
4608,0.5924479166666666,0.13937578126379313,0.09086096125752482,-0.048514820006268305,0.6779540494216046,0.8201590457633244,0.4067144649685569,0.6396382028287506,0.11294691478638559,0.15290933694181327,1.0,0.08278388278388278,0.8291617004370282,1.8710118638409767e-05,0.8883505560821856,0.9291118584859694,2017,Centropomus undecimalis_A,G
4608,0.3860677083333333,0.0030746434968268663,0.0007016941577003915,-0.002372949339126475,0.5403044124069012,0.40865807476869487,0.17322822093474655,0.03020010190592529,0.0028722761555220635,0.0,0.0,0.0,0.5882929218711731,1.058324450298187e-08,0.6976166902221848,0.6381281093784914,2017,Centropomus undecimalis_SA,G
4608,0.4880642361111111,0.004124769541876055,0.0010042371158380818,-0.0031205324260379728,0.6688949119403805,0.4596641110889028,0.2658746988930222,0.0313415094516084,0.003579771350193567,0.0,0.0,0.0,0.6570324315241136,0.0,0.6935009125623353,0.7044889721892176,2017,Cynoscion nebulosus_A,G
4608,0.5946180555555556,0.048735620295339704,0.035365559171599045,-0.01337006112374066,0.7058257933312643,0.7837619120026347,0.4594176219532716,0.2243026615553317,0.035794975818685716,0.05190188410949165,1.0,0.02664233576642336,0.8001586042823157,7.460786582669243e-05,0.8527986722205725,0.9050371089902491,2017,Cynoscion nebulosus_R,G
4608,0.3478732638888889,0.005809553082739422,0.0024804040234393606,-0.003329149059300062,0.6220833661390992,0.40444286422374626,0.32010814994524905,0.05430334356171306,0.004779416023046418,0.0024922118380062306,1.0,0.0012476606363069245,0.5377483443708609,0.0,0.6744699777766938,0.6008646168515224,2017,Lutjanus griseus_R,G
4608,0.4125434027777778,0.04608594104940106,0.03145306146489666,-0.014632879584504398,0.7062415692962524,0.6046942530155778,0.44428440994498875,0.29798604306639226,0.03702298125978728,0.08656265727226975,1.0,0.04523934771173067,0.6750670241286864,2.0018715719958762e-08,0.7928029441079268,0.7830352326676394,2017,Lutjanus griseus_SA,G
4608,0.2977430555555556,0.0004923398554228869,4.8372710415282466e-05,-0.0004439671450076044,0.1535568342532101,0.26152836935082807,0.014509684067271711,0.010065911357334468,0.00047210170486220945,0.0,0.0,0.0,0.26047045324153756,0.0,0.5618497443123461,0.3786871412872722,2017,Mycteroperca microlepis_SA,G
4608,0.3253038194444444,0.02122199634282854,0.012827647378524844,-0.008394348964303695,0.5332201210416433,0.31414266402693974,0.26736799130785993,0.3044729463797378,0.019541064762589776,0.041802743305029394,1.0,0.02134756504336224,0.5009200572480066,0.0,0.6411655159406152,0.527774342299409,2017,Sciaenops ocellatus_R,G
4608,0.6623263888888888,0.027448511698878825,0.019402730583714937,-0.008045781115163887,0.7270664383260987,0.7086496153791525,0.5222739933868219,0.09784446152862326,0.022043105065447596,0.023316062176165803,1.0,0.011795543905635648,0.8003711558854719,0.0,0.8033953882489295,0.8924950765496407,2017,Sciaenops ocellatus_SA,G
7032,0.5991183162684869,0.23645332997043558,0.1402524880154772,-0.09620084195495837,0.7451960054523572,0.6754335380036554,0.49969812398636027,0.40066756992814595,0.1502220835292113,0.2593279736136879,0.9858934169278997,0.1492997863755044,0.7039296354092779,0.0,0.7510822891728476,0.810360078508102,2010,Archosargus probatocephalus_A,A
7032,0.30474971558589303,0.023839993479549598,0.028188484801390003,0.0043484913218404045,0.9209423609553465,0.3454460716139963,0.7992975844082912,0.060880734868499514,0.009916987243500092,0.11491228070175438,0.9562043795620438,0.06112925804946337,0.30994989262705797,0.0,0.5818399452445312,0.42936098832701974,2010,Archosargus probatocephalus_R,A
7032,0.6467576791808873,0.2768779492046244,0.2950228778873053,0.018144928682680916,0.7834489609151689,0.5966383885852983,0.5754186476222408,0.4514016362192433,0.20295725262211262,0.3772984441301273,0.9629963898916968,0.23460861917326298,0.7290776867136096,0.0,0.7157748021816318,0.8268256466283668,2010,Callinectes sapidus_R,A
7032,0.491325369738339,0.1831026307782164,0.23983806210248257,0.05673543132426617,0.5556596559145397,0.5837612269447748,0.2726526321297894,0.4033251912242705,0.19788254111069778,0.42468480424684807,0.900562851782364,0.2778581765557164,0.7077865266841645,0.0,0.7788035960572997,0.7844473578684397,2010,Centropomus undecimalis_A,A
7032,0.2935153583617747,0.01026293285817456,0.0066618205448727135,-0.0036011123133018463,0.6280567988102496,0.20591553154264744,0.39194686120280886,0.06225193070222964,0.009263081015614547,0.020095693779904306,0.8076923076923077,0.010174418604651164,0.13622559652928418,0.0,0.5297652066247238,0.3291887436587566,2010,Centropomus undecimalis_SA,A
7032,0.511518771331058,0.10225528755260986,0.0,-0.10225528755260986,,,-0.12279375065114562,0.30920580256552804,0.10225528755260986,0.0,0.0,0.0,0.0,0.5,0.5,0.511518771331058,2010,Cynoscion nebulosus_A,A
7032,0.5526166097838453,0.2272854856012732,0.23762186343402672,0.010336377832753513,0.8021852300532366,0.675523948050273,0.6398754945505878,0.3320731177193178,0.14794416923645146,0.4143088116410671,0.9651600753295668,0.2637673700463201,0.7404103479036575,0.0,0.7763413188131291,0.8225253290009874,2010,Cynoscion nebulosus_R,A
7032,0.33418657565415244,0.03494441233602062,0.0,-0.03494441233602062,,,-0.05164159329695717,0.15769277727043376,0.03494441233602062,0.0,0.0,0.0,0.0,0.5,0.5,0.33418657565415244,2010,Lutjanus griseus_R,A
7032,0.38054607508532423,0.07229298173396044,0.09793122848387803,0.02563824674991759,0.7711073256928372,0.5192093597828875,0.48840888614116007,0.18754112554524946,0.0645782686399485,0.25316455696202533,0.9629629629629629,0.14573991031390135,0.5737808739708676,0.0,0.6948352083136021,0.6289736683244538,2010,Lutjanus griseus_SA,A
7032,0.2939419795221843,0.02192169664944181,0.030706482047310264,0.008784785397868453,0.7656155986865929,0.32496737369226836,0.4440162607403876,0.10980896964702522,0.01960674221485266,0.12821670428893905,0.9594594594594594,0.0686985970004838,0.30352504638218925,0.0,0.5792312028417598,0.4090651909517229,2010,Mycteroperca microlepis_SA,A
7032,0.3873720136518771,0.0820568385449348,0.06706690148899283,-0.014989937055941968,0.18023531941529014,0.11756815064231729,0.025551416076243005,0.33904385158486794,0.11893062755443642,0.0,0.0,0.0,0.5486398258977149,0.0,0.5255368729693212,0.4124022595058748,2010,Sciaenops ocellatus_R,A
7032,0.6305460750853242,0.16783003926822448,0.11386071496757985,-0.05396932430064463,0.7539126925327391,0.579551040412882,0.545746684493227,0.2429349165178973,0.11150815573580945,0.1847848256169692,0.9658848614072495,0.10216508795669824,0.6468073369190457,0.0,0.6944455729625129,0.7861613876717437,2010,Sciaenops ocellatus_SA,A
7032,0.5907281001137656,0.2074183971508997,0.15495427341215898,-0.05246412373874074,0.7459666434963212,0.6709912405895435,0.5034197584447595,0.3174659861932276,0.13199443427706603,0.25753768844221103,0.9887459807073955,0.1480500722195474,0.7063323416914578,0.0,0.7494289519918172,0.8042823270187466,2011,Archosargus probatocephalus_A,A
7032,0.28782707622298065,0.008073143486991131,0.021675008520752822,0.01360186503376169,0.5374993128526624,0.22561893247175685,-2.3606118622573082,0.1028341332803643,0.01823064868237251,0.0785413744740533,0.7304347826086957,0.041501976284584984,0.27322805728975397,0.0,0.5608477029637955,0.3570686193332871,2011,Archosargus probatocephalus_R,A
7032,0.6713594994311718,0.35674534325632595,0.271760468770685,-0.08498487448564096,0.7580677408324987,0.6339683655418297,0.5413163488416225,0.5474323393659102,0.22268267123277577,0.3312214009151707,0.9791883454734651,0.19932217750476594,0.7864552750048933,0.0,0.734287752477468,0.860034918466225,2011,Callinectes sapidus_R,A
7032,0.49217861205915814,0.14502122986300522,0.15720742114193081,0.01218619127892559,0.6999092775522637,0.6097454073326708,0.474140391733457,0.29168747990006294,0.11853432023885163,0.3163216177178623,0.948051948051948,0.18982952903785033,0.7037564029595902,0.0,0.7618710257944042,0.7688781489700298,2011,Centropomus undecimalis_A,A
7032,0.29692832764505117,0.014632746274554338,0.0,-0.014632746274554338,,,-0.02079399554749717,0.1025240897806023,0.014632746274554338,0.0,0.0,0.0,0.0,0.5,0.5,0.29692832764505117,2011,Centropomus undecimalis_SA,A
7032,0.48862343572241185,0.09095978027258834,0.07527866691843656,-0.015681113354151788,0.6705509799926466,0.49478286892671075,0.4264697515780097,0.19667488106022615,0.07050798739015393,0.13513513513513514,0.946969696969697,0.07275902211874273,0.6091635414968205,0.0,0.6817578644490515,0.68162723162076,2011,Cynoscion nebulosus_A,A
7032,0.5665529010238908,0.22950782399758604,0.2548734607186986,0.025365636721112556,0.7488924924296159,0.6757659109673767,0.5492395592909535,0.3970228285418241,0.16423996339226155,0.40869565217391307,0.9609665427509294,0.2595381526104418,0.7504952802703647,0.0,0.782995087304599,0.8374732122637393,2011,Cynoscion nebulosus_R,A
7032,0.32380546075085326,0.031630635878170124,0.034315719446387234,0.00268508356821711,0.8531694108162948,0.4309618239614873,0.7072819996911024,0.08407272200180825,0.020185794890369285,0.12746710526315788,1.0,0.06807202459376373,0.409261576971214,0.0,0.6205357188212764,0.4943265705144591,2011,Lutjanus griseus_R,A
7032,0.36945392491467577,0.05563246038084358,0.04962769181352568,-0.006004768567317902,0.7933333416774719,0.5149058109683159,0.6241345362637609,0.14841578095629834,0.036210288243478946,0.13686850591185956,0.9896373056994818,0.073518090839107,0.508605188800411,0.0,0.6636977092472159,0.5812570943169276,2011,Lutjanus griseus_SA,A
7032,0.28924914675767915,0.014926591548606425,0.019589706948094972,0.004663115399488547,0.8810488405058556,0.3266062310604043,0.7044414714494038,0.05682501953039376,0.009720335556867892,0.0846262341325811,0.967741935483871,0.04424778761061947,0.26195259140216953,0.0,0.568354283699714,0.3877262828564703,2011,Mycteroperca microlepis_SA,A
7032,0.39448236632536976,0.10483670288513121,0.08171887369226104,-0.02311782919287017,0.34620735626138766,0.25256378403925633,0.05961381488345752,0.44486689484052955,0.14261356884819698,0.0,0.0,0.0,0.5642849444983296,0.0,0.5944582283384972,0.5141851444707148,2011,Sciaenops ocellatus_R,A
7032,0.5988339021615472,0.16571900698678793,0.1454099359859834,-0.020309071000804535,0.7668307443011702,0.5892452275925132,0.5760869877699083,0.23500318728932884,0.11136038562081864,0.20717469751645087,0.976,0.11588696271669437,0.729925275767999,0.0,0.7361865848050264,0.8132452173718304,2011,Sciaenops ocellatus_SA,A
7044,0.6103066439522998,0.21509377546970787,0.14636797124834852,-0.06872580422135935,0.80203448926137,0.6679674621543843,0.6119820253754429,0.28450937464297055,0.13165102342012489,0.2210287130758108,0.9870848708487084,0.12444754594091649,0.7608721553675682,0.0,0.7659173925736108,0.8354368630443425,2012,Archosargus probatocephalus_A,A
7044,0.2988358886996025,0.009726463283187046,0.002479198698708636,-0.00724726458447841,0.546278724929101,0.2051619232803161,0.25616205361475863,0.05722817623343637,0.008645051888141738,0.0018984337921214998,1.0,0.0009501187648456057,0.10600706713780919,0.0,0.5245684765060099,0.3275616960567539,2012,Archosargus probatocephalus_R,A
7044,0.6814310051107325,0.36470523102906455,0.5672354474439237,0.2025302164148592,0.8222147599644705,0.7146029561573917,0.5489350709519287,0.5647890722163356,0.3015940658954678,0.5665060592787268,0.9468033186920449,0.4041666666666667,0.8113225058004641,0.1,0.7704743668300653,0.8901107274088801,2012,Callinectes sapidus_R,A
7044,0.5117830777967064,0.1563065937551339,0.06157760204358196,-0.09472899171155194,0.6712878763812435,0.6098215445774808,0.3337826679353645,0.34811633410156206,0.12171029793218889,0.1064778389719381,0.9759615384615384,0.05631067961165048,0.6558485463150777,0.0,0.7260184737443027,0.7317029894738969,2012,Centropomus undecimalis_A,A
7044,0.30706984667802384,0.018133831353524154,0.013970611426984391,-0.004163219926539763,0.7958466917582983,0.27328416068979006,0.6190628703767038,0.07538475920106316,0.011289442655950395,0.05045045045045045,0.9824561403508771,0.025889967637540454,0.2395871728713601,0.0,0.5547281897226104,0.3984098928776677,2012,Centropomus undecimalis_SA,A
7044,0.5107893242475866,0.0961136611729767,0.09329298478663842,-0.002820676386338289,0.5541701558084453,0.4418971543211774,0.2863239275614522,0.22565537353409024,0.10070489340417102,0.033278777959629025,0.8970588235294118,0.0169538632573652,0.6739285350707523,0.0,0.6904135898675894,0.7124248178951049,2012,Cynoscion nebulosus_A,A
7044,0.5718341851220897,0.22902977409204764,0.18315397558106628,-0.045875798510981364,0.7569954788204777,0.6903257584439323,0.5621169153901968,0.3532834266127225,0.13688378067261223,0.3013008812421318,0.9728997289972899,0.17825223435948362,0.7375,0.0,0.7674362190133257,0.8188793805246066,2012,Cynoscion nebulosus_R,A
7044,0.33319136854060194,0.050298908596414026,0.025481827472304066,-0.02481708112410996,0.7026239966753649,0.4032867731097191,0.4551715178734873,0.1808731097378223,0.03696932069733898,0.08401305057096248,0.9809523809523809,0.04388581167447806,0.37673830594184576,0.0,0.606761298380177,0.4796826554112978,2012,Lutjanus griseus_R,A
7044,0.37720045428733673,0.05592555685234022,0.02972677574378117,-0.02619878110855905,0.6297291166399395,0.4443795651822733,0.3768849749607742,0.17481839843919555,0.045445843871148646,0.07664497469269703,0.9724770642201835,0.03989461799021453,0.38565279770444766,0.0,0.6105755285636669,0.512661040150824,2012,Lutjanus griseus_SA,A
7044,0.29230550823395796,0.009345842941758116,0.0077968778707190696,-0.0015489650710390464,0.7084972196925141,0.289784658866738,0.43704189833310125,0.04873490115564523,0.00733268718169493,0.026794258373205742,0.9032258064516129,0.013598834385624089,0.1616871704745167,0.0,0.5414093665162559,0.344564691784173,2012,Mycteroperca microlepis_SA,A
7044,0.4112720045428734,0.10289509815466898,0.09808218345507601,-0.004812914699592968,0.34517383161227533,0.270794448793159,0.09902133888082687,0.4040237348709028,0.14441918285406688,0.02037351443123939,0.625,0.010355540214014497,0.5885524678556615,0.0,0.6118239360059078,0.5043918625780169,2012,Sciaenops ocellatus_R,A
7044,0.6233674048835889,0.16617098591731036,0.15888896824495313,-0.007282017672357227,0.7515323180804309,0.6099583582764656,0.47579191482259164,0.2362997311015405,0.11242323335682447,0.2375249500998004,0.9612277867528272,0.13550444090184469,0.7618621307072516,0.0,0.7361408899040742,0.8192122494104292,2012,Sciaenops ocellatus_SA,A
7044,0.6652470187393527,0.22693702011243114,0.21613801424496998,-0.010799005867461159,0.6385691009721404,0.6937182379048118,0.2564727193218723,0.35879806088668703,0.16046617430754775,0.3030084669428932,0.9722543352601156,0.17947076397780623,0.81741660604801,0.0,0.8095119926643419,0.891142932901148,2013,Archosargus probatocephalus_A,A
7044,0.3151618398637138,0.015424304835671246,0.004729523756424715,-0.01069478107924653,0.7370348745900577,0.31295940534481664,0.38655952966435536,0.08032430664615436,0.011904018763604213,0.0044943820224719105,1.0,0.0022522522522522522,0.15663643858202803,0.0,0.5410968804625521,0.36582554776042187,2013,Archosargus probatocephalus_R,A
7044,0.6854060193072118,0.3499453485965836,0.3680834224691516,0.018138073872567995,0.7839920898328818,0.6748602611402073,0.6136135096082664,0.5085852975996968,0.21489560789395476,0.4389539547569389,0.9736654804270463,0.28334714167357083,0.8027334851936219,0.0,0.7418566933561446,0.8753118814684964,2013,Callinectes sapidus_R,A
7044,0.5636002271436684,0.23809993859798775,0.1647320956354607,-0.07336784296252705,0.7682230174932938,0.6774080713420036,0.5451466992175331,0.40873808446780696,0.15095920862888698,0.26608505997818976,0.991869918699187,0.15365239294710328,0.7627238454288408,0.0,0.8050130779152033,0.8557937319141362,2013,Centropomus undecimalis_A,A
7044,0.32396365701306074,0.0205682751558416,0.016372378462158242,-0.004195896693683358,0.6798442747410163,0.311150630177667,0.45679964907029724,0.12674261250591692,0.014321982564513025,0.05368555602897316,0.9692307692307692,0.027607361963190184,0.21891288160833955,0.0,0.553938369085379,0.4034323841262536,2013,Centropomus undecimalis_SA,A
7044,0.522572402044293,0.0800269070175632,0.08220773472541043,0.0021808277078472355,0.6587633096692362,0.5028932320279124,0.39285647271374413,0.16523608654031974,0.06630362113233522,0.1051301491028557,0.7536231884057971,0.05650638413474599,0.6832776778833805,0.0,0.7059138621444369,0.7073452879777015,2013,Cynoscion nebulosus_A,A
7044,0.5780806360022714,0.22315037085845055,0.22626186694895736,0.0031114960905068156,0.7661589909710311,0.7153958796836807,0.5791210047026611,0.3360738410029269,0.14211966855196348,0.37729879375123593,0.9685279187817258,0.2342829076620825,0.764371733696887,0.0,0.7990696401515652,0.8556037892343651,2013,Cynoscion nebulosus_R,A
7044,0.34497444633730834,0.045908217845502676,0.03534913879688586,-0.010559079048616818,0.7974287711607755,0.4539056801343254,0.6322339360493296,0.14231901769408983,0.02862384283636776,0.12226066897347174,0.9298245614035088,0.0654320987654321,0.3447143795141169,0.00029996806994618064,0.5990182857326334,0.47148462022424475,2013,Lutjanus griseus_R,A
7044,0.41624077228847245,0.10535239243524938,0.03674302758602797,-0.06860936484922142,0.7437327542946488,0.5254689257496503,0.40739917160368555,0.33077180608337686,0.07680407820252912,0.08803390935767852,1.0,0.04604365620736699,0.4373251970505975,0.0,0.6323483060924403,0.5748287547965849,2013,Lutjanus griseus_SA,A
7044,0.30706984667802384,0.00843000292843044,0.005924964194139392,-0.002505038734291049,0.4748653600772502,0.21084877643452998,0.20045756156718952,0.06339908346546876,0.008869333452994368,0.012849931161083065,0.875,0.006472491909385114,0.1557276803913575,0.0,0.5342503407260153,0.34744036276866475,2013,Mycteroperca microlepis_SA,A
7044,0.4179443498012493,0.1388033130991795,0.08628120234271902,-0.05252211075646049,0.35669700269201465,0.21122747609530126,0.06429621925161,0.6072318735476813,0.17152872524799836,0.01680672268907563,0.8064516129032258,0.008491847826086956,0.5808539513519156,0.0,0.5688495824496289,0.4931356763204612,2013,Sciaenops ocellatus_R,A
7044,0.6709256104486088,0.19139093823126915,0.23808372107476908,0.046692782843499925,0.7466583456619038,0.6406199534483915,0.5403392204606807,0.24892664962533564,0.146547544400916,0.29673484033010405,0.9752358490566038,0.17498942022852307,0.8040522989003377,0.0,0.7617316338270803,0.875269726601218,2013,Sciaenops ocellatus_SA,A
7044,0.6932140829074389,0.2595841990553358,0.24643587989965554,-0.013148319155680266,0.7736979844728207,0.7128828495608892,0.5874219277464992,0.30210532771045534,0.15133560086615463,0.32981260647359456,0.9807497467071935,0.198238787630555,0.8281423804226918,0.0,0.8032913252003404,0.9032518597617497,2014,Archosargus probatocephalus_A,A
7044,0.3354628052243044,0.024958952685066132,0.012157267398001138,-0.012801685287064993,0.796904032337958,0.34962665925017833,0.5724865191974626,0.09602149457108843,0.01665731076373112,0.04468349193214729,1.0,0.022852306390181973,0.23619186046511628,0.0,0.5625640357563276,0.4217762941593086,2014,Archosargus probatocephalus_R,A
7044,0.7122373651334469,0.30405846170954587,0.26797622085442785,-0.03608224085511802,0.7450679358166948,0.6480802303991556,0.551916747123508,0.45332307318471754,0.19826954957411125,0.3529603653563856,0.9712746858168761,0.21566673310743473,0.7737285554766014,0.0,0.7274276832228734,0.8733817735658607,2014,Callinectes sapidus_R,A
7044,0.5898637137989778,0.3076936539961997,0.18438140996787347,-0.12331224402832622,0.808620481823208,0.7255687414431566,0.5814763175086708,0.5106776832859461,0.18110373105132077,0.3098477157360406,0.990909090909091,0.18363417569193743,0.7442307692307693,0.0,0.7843901866034866,0.8364647647772363,2014,Centropomus undecimalis_A,A
7044,0.3468199886428166,0.02319265925473536,0.014922725390840651,-0.008269933863894708,0.7267874115629613,0.28365430818288356,0.427067698455901,0.16105865828906432,0.01676903388481841,0.04472843450479233,0.9180327868852459,0.022922636103151862,0.22480355312606765,0.0,0.5517199227810289,0.4173030622613896,2014,Centropomus undecimalis_SA,A
7044,0.5393242475865985,0.07565141516517701,0.07212960053123113,-0.00352181463394588,0.6096338788490062,0.45137728126443877,0.33917724283624195,0.15465657261171703,0.06465414112603719,0.0791530123519032,0.9345238095238095,0.0413266649118189,0.6549875800758269,0.0,0.6691052831598292,0.712066254539887,2014,Cynoscion nebulosus_A,A
7044,0.5843270868824532,0.22484393857156967,0.22003521253658798,-0.004808726034981697,0.8383094345360111,0.7056422644462637,0.7001971129822789,0.29097733759119065,0.1272705661746251,0.36669303797468356,0.9861702127659574,0.22521865889212828,0.7597433460076045,0.0,0.7848421643247462,0.8468884515771589,2014,Cynoscion nebulosus_R,A
7044,0.37279954571266327,0.05749771906008008,0.03934622532623523,-0.01815149373384485,0.8557576469875144,0.44894899155311874,0.697418917337308,0.15854505981204875,0.03109226748806534,0.1375886524822695,1.0,0.07387661843107388,0.39863130881094955,0.0,0.6156517321474809,0.5243569964135277,2014,Lutjanus griseus_R,A
7044,0.44775695627484385,0.13486783540167896,0.09435660841053747,-0.040511226991141486,0.8541919186578565,0.6094194083559316,0.7205567705413752,0.2587306895805813,0.06929224196582036,0.20754182024383327,0.9812332439678284,0.1160431198478123,0.5482608695652174,0.0,0.6813075736853517,0.6524329583195242,2014,Lutjanus griseus_SA,A
7044,0.32566723452583757,0.00959484295201311,0.009474816113813333,-0.00012002683819977746,0.8791452704963907,0.20314582535300327,0.6935878875272423,0.0485833638485476,0.006704771209040127,0.028338342636324603,0.9428571428571428,0.014385353095030515,0.14751552795031056,0.0,0.5320814022851373,0.3700715044999995,2014,Mycteroperca microlepis_SA,A
7044,0.44335604770017034,0.19568339327895837,0.13444673490382772,-0.06123665837513065,0.688819602984744,0.4679583757113345,0.3862130356316259,0.698743129251813,0.16063705902659653,0.24011142061281338,0.9229122055674518,0.13800832532821006,0.634091860952115,0.0,0.6967126035388483,0.670942321684963,2014,Sciaenops ocellatus_R,A
7044,0.696053378762067,0.20674678772638225,0.2108031160631571,0.004056328336774856,0.7068847596280452,0.6749760264890788,0.47940935512125005,0.265586388666741,0.13644453293670347,0.2683312818709337,0.9732142857142857,0.15561900877014073,0.828957100591716,0.0,0.7815833617770931,0.8905218769327308,2014,Sciaenops ocellatus_SA,A
7044,0.6817149346961954,0.2870876244280298,0.30169347142864783,0.01460584700061801,0.8010492984080275,0.7346490610857584,0.6391299679605615,0.32332207956686887,0.1709421622190645,0.4258505616148462,0.9753914988814317,0.2723865056226572,0.8425241614553723,0.0,0.8263644422614574,0.9087736937136399,2015,Archosargus probatocephalus_A,A
7044,0.31899488926746167,0.01989565973706247,0.01669774305625901,-0.0031979166808034608,0.8814877225844518,0.3796573862800287,0.7692429457151787,0.05427028589062579,0.00971081592129998,0.06706792777300086,0.9873417721518988,0.03471295060080107,0.25018953752843065,0.0,0.5676709380835208,0.41268891747950875,2015,Archosargus probatocephalus_R,A
7044,0.7464508801817149,0.3149612477729157,0.1474026734087177,-0.16755857436419797,0.7989750294607108,0.6296980994969719,0.5322176526830417,0.4416956242168733,0.20298021606603303,0.22649140546006066,0.9940828402366864,0.12780524914416128,0.5690288713910762,0.0,0.6647758420273145,0.8416507448251654,2015,Callinectes sapidus_R,A
7044,0.5792163543441227,0.36725321804412897,0.39665617294116584,0.02940295489703687,0.7788095378453768,0.7741128270954017,0.6022138604531868,0.5858668110947381,0.2417719547408661,0.5616295264623955,0.9693509615384616,0.39534313725490194,0.8147666709996101,0.1,0.8663384221772381,0.903567062621109,2015,Centropomus undecimalis_A,A
7044,0.33262350936967633,0.01967270120738459,0.020372760793711583,0.0007000595863269933,0.828483508796198,0.28352302871712715,0.663038492493544,0.09957184638778135,0.013625143285334249,0.060355518809425385,0.9605263157894737,0.031156636790439608,0.22032085561497325,0.0,0.550832030271526,0.4049928347882442,2015,Centropomus undecimalis_SA,A
7044,0.5122089721749006,0.06454252515761415,0.08194055280156581,0.017398027643951666,0.6803270999491686,0.4433877264684308,0.42878073778801795,0.13169316928094832,0.06370196884415963,0.08019118428040362,0.9556962025316456,0.04185144124168515,0.672939494997618,0.0,0.6757509102137536,0.6971125848942223,2015,Cynoscion nebulosus_A,A
7044,0.5746734809767178,0.23767976171874672,0.1263706580596698,-0.11130910365907692,0.7669524974112243,0.696365146983136,0.5043422158367374,0.3976614903134419,0.14946392245652768,0.2423060251408756,0.9876325088339223,0.13809288537549408,0.6870982209597847,0.0,0.7462210813363799,0.795214689213553,2015,Cynoscion nebulosus_R,A
7044,0.36059057353776264,0.03417541715283805,0.050652599882283426,0.01647718272944538,0.7723054049084135,0.45065446570488776,0.12176535995010795,0.18656924488999807,0.0348810548106795,0.13750454710803928,0.9043062200956937,0.07440944881889763,0.3786231884057971,0.0,0.6089854075467476,0.4951792133041557,2015,Lutjanus griseus_R,A
7044,0.4392390687109597,0.16397381104754416,0.18273121307683246,0.0187574020292883,0.8326438017744593,0.6104672628010237,0.6854886915741343,0.3382545586957395,0.10121630123948977,0.3421545041432772,0.9891808346213292,0.2068519715578539,0.6573071718538566,0.0,0.7465970477772413,0.7378456546521461,2015,Lutjanus griseus_SA,A
7044,0.3029528676888132,0.007971613804815841,0.009730548729778427,0.0017589349249625859,0.8995706915885086,0.17305390893292297,0.772063980598296,0.03943035723911043,0.006265348497562085,0.02857142857142857,0.8611111111111112,0.014526710402999063,0.16540151817818619,0.0,0.5321906787021113,0.3397692639228798,2015,Mycteroperca microlepis_SA,A
7044,0.44789892106757523,0.27368898501856065,0.17135451689876716,-0.10233446811979349,0.8170107150899957,0.5144943011941576,0.49032368662852255,0.9636568720220521,0.18339086765988352,0.30125971589386225,0.9756944444444444,0.17812995245641838,0.6089764288020665,0.0,0.6953520413340238,0.6926533611991861,2015,Sciaenops ocellatus_R,A
7044,0.6998864281658149,0.2137444772880872,0.17138125492035786,-0.04236322236772935,0.7667322038884851,0.6918206510064433,0.5744481361502298,0.2553054765755239,0.12259632672720236,0.229695885509839,0.9727272727272728,0.13022312373225153,0.8002860353457963,0.0,0.7649088180602224,0.8808194442342685,2015,Sciaenops ocellatus_SA,A
7152,0.6617729306487695,0.281064345109028,0.3343243832028512,0.05326003809382318,0.762431843456556,0.7373953274409438,0.532429258309039,0.3942672692188576,0.18610494267928718,0.4701552248359738,0.9689973614775725,0.3103739699978872,0.8229010494752623,0.0,0.8232590135474959,0.902411051830291,2016,Archosargus probatocephalus_A,A
7152,0.3295581655480984,0.023148094716793646,0.028307364254682076,0.005159269537888429,0.7758853437043021,0.2793844244188815,0.5620795092153009,0.08870052686282483,0.019023243502193893,0.10678442392613409,0.9925373134328358,0.05642766228256258,0.3209509658246657,0.0,0.5725254306498557,0.451472079374162,2016,Archosargus probatocephalus_R,A
7152,0.7515380313199105,0.33125845730214687,0.28209839129584313,-0.04916006600630374,0.8002475555540245,0.6709304289262694,0.6344274405315303,0.44046851767075473,0.19398243358151793,0.36616734755636254,0.9805510534846029,0.22511627906976744,0.767993484678815,0.0,0.724548926201725,0.8870102425581614,2016,Callinectes sapidus_R,A
7152,0.591582774049217,0.3928380032820361,0.46407912764965725,0.07124112436762114,0.7400708598639336,0.7921070226420484,0.5203802882318286,0.7296049390540091,0.26720029139476936,0.6037859007832899,0.9752240379546653,0.4372488773339636,0.8157181571815718,0.1,0.8572867112542358,0.9040686418648383,2016,Centropomus undecimalis_A,A
7152,0.3661912751677852,0.02868168466539816,0.021126970358163695,-0.007554714307234464,0.6291836549912684,0.2505624300406067,0.23812611458902266,0.11911775566532111,0.02470574675112996,0.05485544848035582,0.9367088607594937,0.028255059182894234,0.27986151182919794,0.0,0.5560282673571022,0.44648331103010314,2016,Centropomus undecimalis_SA,A
7152,0.5123042505592841,0.058134299259205664,0.05389775741348908,-0.0042365418457165835,0.6964447601908257,0.3734072549100452,0.4823321658033817,0.12050824288174806,0.052493729431975854,0.042678047479327824,0.9411764705882353,0.021834061135371178,0.5849779086892489,0.0,0.627572137534554,0.6416002657600692,2016,Cynoscion nebulosus_A,A
7152,0.6073825503355704,0.2443535835584326,0.2366470231334591,-0.007706560424973502,0.8043683052617252,0.74880540792426,0.6323367889651405,0.32821754516310836,0.1421914726968067,0.37586142670888434,0.984390243902439,0.2322744014732965,0.7852961835635682,0.0,0.811544019848578,0.8714031404841611,2016,Cynoscion nebulosus_R,A
7152,0.373741610738255,0.04453055767830714,0.0249657912035802,-0.01956476647472694,0.8027604938435378,0.4032712520280632,0.6107822255998335,0.1348821872352395,0.029093315765275792,0.07484706729039223,0.9811320754716981,0.03890759446315002,0.33362753751103263,0.0,0.5901395271294306,0.48872306160608975,2016,Lutjanus griseus_R,A
7152,0.4261744966442953,0.1277352441641313,0.13608202319956159,0.008346779035430296,0.8428911315685468,0.6223769160236361,0.6567869168871543,0.25545572295662144,0.07979537590023451,0.2908989391401452,0.9756554307116105,0.17093175853018372,0.6136226642555757,0.0,0.7155722859204002,0.6812575468508968,2016,Lutjanus griseus_SA,A
7152,0.30900447427293065,0.0050691997306831025,0.006185438374327825,0.0011162386436447229,0.48219069367576517,0.19901659427288151,-0.1942690551930235,0.04585393211010574,0.006999539383599671,0.017040358744394617,0.95,0.008597285067873304,0.17573872472783825,0.0,0.537732813761809,0.35376511914391284,2016,Mycteroperca microlepis_SA,A
7152,0.45232102908277405,0.24045469609308628,0.34133844096202676,0.10088374486894047,0.8585143246378,0.5516317738087404,0.4543477742618548,0.8216784438284203,0.18697424297159118,0.35222978080120937,0.952316076294278,0.2160741885625966,0.627758234729773,0.0,0.7119347795978297,0.7084163485611431,2016,Sciaenops ocellatus_R,A
7152,0.6907158836689038,0.1988551798882331,0.20424561501432517,0.00539043512609208,0.7674247208245328,0.6638258188093951,0.5869123941236435,0.2676240504389131,0.12809427374216625,0.2766990291262136,0.9637681159420289,0.16153846153846155,0.8084418670976329,0.0,0.7597155925353793,0.8752894025593185,2016,Sciaenops ocellatus_SA,A
7152,0.6445749440715883,0.27465764084141314,0.26491497588859075,-0.009742664952822389,0.7835757610563177,0.7160576512493431,0.6047254356924721,0.3410344060596933,0.16373824380419544,0.40667469464992256,0.9825436408977556,0.2563991323210412,0.7959947183098591,0.0,0.8014627575601905,0.8794258351669554,2017,Archosargus probatocephalus_A,A
7152,0.2980984340044743,0.015253161196804753,0.02168772578610417,0.006434564589299417,0.6941752206493567,0.3153813579791988,0.05603200708091882,0.08573004022473871,0.016969245578861075,0.07516778523489932,0.8155339805825242,0.039399624765478425,0.27672955974842767,0.0,0.5696111426713408,0.3904271448395847,2017,Archosargus probatocephalus_R,A
7152,0.7783836689038032,0.35533229204986355,0.3918834887440367,0.03655119669417317,0.7730381898614123,0.6678797976280855,0.5777881611816249,0.4841521419838377,0.24289169628398294,0.4380820013898541,0.9680589680589681,0.28309682054966767,0.819325801414531,0.0,0.7321027642047918,0.9050917744891736,2017,Callinectes sapidus_R,A
7152,0.5827740492170023,0.4277457917234302,0.44079093522065216,0.013045143497221967,0.7388479538676385,0.7582030173571704,0.5215596644292265,0.7621368064446918,0.2694910639748653,0.5905301767255752,0.9677595628415301,0.42490403071017274,0.788422705855957,0.0,0.8317656580457254,0.8823343332514442,2017,Centropomus undecimalis_A,A
7152,0.39569351230425054,0.04192654544933949,0.0254546436604336,-0.016471901788905893,0.6486919222674883,0.3485247907962988,0.39492708772644036,0.12550452088090563,0.03378024039095273,0.060833902939166094,0.9270833333333334,0.031448763250883395,0.34471803018268465,0.0,0.5843169060260348,0.4999042532211907,2017,Centropomus undecimalis_SA,A
7152,0.48210290827740493,0.053167698849848434,0.04842195277139566,-0.004745746078452774,0.600668920293869,0.38949336143186397,0.27846727877562283,0.12727839327404486,0.05011283175008655,0.06216746009521142,0.9024390243902439,0.03219257540603248,0.5318780318780318,0.0,0.6298245719808773,0.6147352511558796,2017,Cynoscion nebulosus_A,A
7152,0.5880872483221476,0.22731755647213311,0.19628090423620945,-0.031036652235923667,0.8255527959878819,0.7547867956224945,0.6759092121203193,0.290269802924155,0.12471156436092605,0.350733137829912,0.9867986798679867,0.21326676176890158,0.7647293523074877,0.0,0.7952550731683538,0.8410631596327718,2017,Cynoscion nebulosus_R,A
7152,0.34437919463087246,0.04038769261841493,0.03735035713070707,-0.0030373354877078623,0.823680323083974,0.4691738512584207,0.6668696305405373,0.11708602132256726,0.026993420445113575,0.11899313501144165,0.9811320754716981,0.06333739342265529,0.3732238711714556,0.0,0.60960202032954,0.49000199085350016,2017,Lutjanus griseus_R,A
7152,0.41079418344519014,0.1581239135215694,0.1460236267640596,-0.012100286757509793,0.782347941402551,0.622806406084175,0.6090911743582086,0.37401365667507736,0.10026731158203911,0.3334275218988415,0.9816971713810316,0.20081688223281144,0.6482004899189749,0.0,0.7419895689527889,0.7075728590604042,2017,Lutjanus griseus_SA,A
7152,0.29711968680089484,0.009556608595805151,0.00957265790853747,1.604931273231809e-05,0.5558920983142812,0.2679424355707159,0.29550610050131476,0.05721311328737776,0.010250387013175866,0.00936768149882904,1.0,0.004705882352941176,0.2785817655571635,0.0,0.5662738857229782,0.37302367962249583,2017,Mycteroperca microlepis_SA,A
7152,0.42197986577181207,0.19320089172896562,0.21768284569495164,0.024481953965986014,0.7306063731301059,0.4274029118725796,0.4110652780628852,0.5861609894103932,0.16365513486964947,0.3080332409972299,0.9391891891891891,0.18422796554009277,0.5577142857142857,0.0,0.6582021337544799,0.6397213572720695,2017,Sciaenops ocellatus_R,A
7152,0.6508668903803132,0.17619451661937038,0.19924796697986855,0.023053450360498162,0.7629540493208411,0.6511800829797301,0.30440109624311606,0.28483245790987366,0.12730876731782642,0.29945553539019965,0.9649122807017544,0.17722878625134264,0.7709620476610768,0.0,0.7536214241192548,0.8461647616840605,2017,Sciaenops ocellatus_SA,A
